--
-- PostgreSQL database dump
--

\restrict pTEM2v3bEurqknD2GW0BV6OPe31X63d0rro4qy0je4X6tTgO6KrpuYRVLjv6uwC

-- Dumped from database version 17.5 (84bec44)
-- Dumped by pg_dump version 18.0 (Ubuntu 18.0-1.pgdg24.04+3)

SET statement_timeout = 0;
SET lock_timeout = 0;
SET idle_in_transaction_session_timeout = 0;
SET transaction_timeout = 0;
SET client_encoding = 'UTF8';
SET standard_conforming_strings = on;
SELECT pg_catalog.set_config('search_path', '', false);
SET check_function_bodies = false;
SET xmloption = content;
SET client_min_messages = warning;
SET row_security = off;

--
-- Name: drizzle; Type: SCHEMA; Schema: -; Owner: neondb_owner
--

CREATE SCHEMA drizzle;


ALTER SCHEMA drizzle OWNER TO neondb_owner;

SET default_tablespace = '';

SET default_table_access_method = heap;

--
-- Name: __drizzle_migrations; Type: TABLE; Schema: drizzle; Owner: neondb_owner
--

CREATE TABLE drizzle.__drizzle_migrations (
    id integer NOT NULL,
    hash text NOT NULL,
    created_at bigint
);


ALTER TABLE drizzle.__drizzle_migrations OWNER TO neondb_owner;

--
-- Name: __drizzle_migrations_id_seq; Type: SEQUENCE; Schema: drizzle; Owner: neondb_owner
--

CREATE SEQUENCE drizzle.__drizzle_migrations_id_seq
    AS integer
    START WITH 1
    INCREMENT BY 1
    NO MINVALUE
    NO MAXVALUE
    CACHE 1;


ALTER SEQUENCE drizzle.__drizzle_migrations_id_seq OWNER TO neondb_owner;

--
-- Name: __drizzle_migrations_id_seq; Type: SEQUENCE OWNED BY; Schema: drizzle; Owner: neondb_owner
--

ALTER SEQUENCE drizzle.__drizzle_migrations_id_seq OWNED BY drizzle.__drizzle_migrations.id;


--
-- Name: budget_negotiations; Type: TABLE; Schema: public; Owner: neondb_owner
--

CREATE TABLE public.budget_negotiations (
    id integer NOT NULL,
    project_id integer NOT NULL,
    proposed_by integer NOT NULL,
    original_price numeric(12,2) NOT NULL,
    proposed_price numeric(12,2) NOT NULL,
    message text,
    status character varying(50) DEFAULT 'pending'::text NOT NULL,
    created_at timestamp without time zone DEFAULT now(),
    responded_at timestamp without time zone
);


ALTER TABLE public.budget_negotiations OWNER TO neondb_owner;

--
-- Name: budget_negotiations_id_seq; Type: SEQUENCE; Schema: public; Owner: neondb_owner
--

CREATE SEQUENCE public.budget_negotiations_id_seq
    AS integer
    START WITH 1
    INCREMENT BY 1
    NO MINVALUE
    NO MAXVALUE
    CACHE 1;


ALTER SEQUENCE public.budget_negotiations_id_seq OWNER TO neondb_owner;

--
-- Name: budget_negotiations_id_seq; Type: SEQUENCE OWNED BY; Schema: public; Owner: neondb_owner
--

ALTER SEQUENCE public.budget_negotiations_id_seq OWNED BY public.budget_negotiations.id;


--
-- Name: client_billing_info; Type: TABLE; Schema: public; Owner: neondb_owner
--

CREATE TABLE public.client_billing_info (
    id integer NOT NULL,
    user_id integer NOT NULL,
    legal_name character varying(255) NOT NULL,
    document_type character varying(50) DEFAULT 'CI'::character varying NOT NULL,
    document_number character varying(50) NOT NULL,
    address text,
    city character varying(100),
    country character varying(100) DEFAULT 'Paraguay'::character varying,
    phone character varying(20),
    is_default boolean DEFAULT true,
    created_at timestamp without time zone DEFAULT now(),
    updated_at timestamp without time zone DEFAULT now(),
    client_type character varying(50) DEFAULT 'persona_fisica'::character varying,
    department character varying(100),
    email character varying(255),
    additional_ruc character varying(20),
    observations text,
    CONSTRAINT client_billing_info_client_type_check CHECK (((client_type)::text = ANY ((ARRAY['persona_fisica'::character varying, 'empresa'::character varying, 'consumidor_final'::character varying, 'extranjero'::character varying])::text[])))
);


ALTER TABLE public.client_billing_info OWNER TO neondb_owner;

--
-- Name: COLUMN client_billing_info.client_type; Type: COMMENT; Schema: public; Owner: neondb_owner
--

COMMENT ON COLUMN public.client_billing_info.client_type IS 'Tipo de cliente: persona_fisica, empresa, consumidor_final, extranjero';


--
-- Name: COLUMN client_billing_info.department; Type: COMMENT; Schema: public; Owner: neondb_owner
--

COMMENT ON COLUMN public.client_billing_info.department IS 'Departamento del Paraguay: Itapúa, Central, Alto Paraná, etc.';


--
-- Name: COLUMN client_billing_info.email; Type: COMMENT; Schema: public; Owner: neondb_owner
--

COMMENT ON COLUMN public.client_billing_info.email IS 'Email obligatorio para envío de facturas en PDF';


--
-- Name: COLUMN client_billing_info.additional_ruc; Type: COMMENT; Schema: public; Owner: neondb_owner
--

COMMENT ON COLUMN public.client_billing_info.additional_ruc IS 'RUC adicional para personas físicas que también tienen RUC';


--
-- Name: COLUMN client_billing_info.observations; Type: COMMENT; Schema: public; Owner: neondb_owner
--

COMMENT ON COLUMN public.client_billing_info.observations IS 'Observaciones adicionales: Sucursal Central, Proyecto Web, etc.';


--
-- Name: client_billing_info_id_seq; Type: SEQUENCE; Schema: public; Owner: neondb_owner
--

CREATE SEQUENCE public.client_billing_info_id_seq
    AS integer
    START WITH 1
    INCREMENT BY 1
    NO MINVALUE
    NO MAXVALUE
    CACHE 1;


ALTER SEQUENCE public.client_billing_info_id_seq OWNER TO neondb_owner;

--
-- Name: client_billing_info_id_seq; Type: SEQUENCE OWNED BY; Schema: public; Owner: neondb_owner
--

ALTER SEQUENCE public.client_billing_info_id_seq OWNED BY public.client_billing_info.id;


--
-- Name: company_billing_info; Type: TABLE; Schema: public; Owner: neondb_owner
--

CREATE TABLE public.company_billing_info (
    id integer NOT NULL,
    company_name character varying(255) NOT NULL,
    ruc character varying(20) NOT NULL,
    address text NOT NULL,
    city character varying(100) NOT NULL,
    country character varying(100) DEFAULT 'Paraguay'::character varying,
    phone character varying(20),
    email character varying(255),
    website character varying(255),
    tax_regime character varying(100),
    economic_activity character varying(255),
    logo_url text,
    is_active boolean DEFAULT true,
    created_at timestamp without time zone DEFAULT now(),
    updated_at timestamp without time zone DEFAULT now()
);


ALTER TABLE public.company_billing_info OWNER TO neondb_owner;

--
-- Name: company_billing_info_id_seq; Type: SEQUENCE; Schema: public; Owner: neondb_owner
--

CREATE SEQUENCE public.company_billing_info_id_seq
    AS integer
    START WITH 1
    INCREMENT BY 1
    NO MINVALUE
    NO MAXVALUE
    CACHE 1;


ALTER SEQUENCE public.company_billing_info_id_seq OWNER TO neondb_owner;

--
-- Name: company_billing_info_id_seq; Type: SEQUENCE OWNED BY; Schema: public; Owner: neondb_owner
--

ALTER SEQUENCE public.company_billing_info_id_seq OWNED BY public.company_billing_info.id;


--
-- Name: invoices; Type: TABLE; Schema: public; Owner: neondb_owner
--

CREATE TABLE public.invoices (
    id integer NOT NULL,
    invoice_number character varying(50) NOT NULL,
    project_id integer NOT NULL,
    client_id integer NOT NULL,
    amount numeric(12,2) NOT NULL,
    status character varying(50) DEFAULT 'pending'::character varying NOT NULL,
    due_date timestamp without time zone NOT NULL,
    paid_date timestamp without time zone,
    description text,
    tax_amount numeric(12,2) DEFAULT 0.00,
    discount_amount numeric(12,2) DEFAULT 0.00,
    total_amount numeric(12,2) NOT NULL,
    payment_method_id integer,
    notes text,
    created_at timestamp without time zone DEFAULT now(),
    updated_at timestamp without time zone DEFAULT now(),
    currency character varying(3) DEFAULT 'PYG'::character varying NOT NULL
);


ALTER TABLE public.invoices OWNER TO neondb_owner;

--
-- Name: invoices_id_seq; Type: SEQUENCE; Schema: public; Owner: neondb_owner
--

CREATE SEQUENCE public.invoices_id_seq
    AS integer
    START WITH 1
    INCREMENT BY 1
    NO MINVALUE
    NO MAXVALUE
    CACHE 1;


ALTER SEQUENCE public.invoices_id_seq OWNER TO neondb_owner;

--
-- Name: invoices_id_seq; Type: SEQUENCE OWNED BY; Schema: public; Owner: neondb_owner
--

ALTER SEQUENCE public.invoices_id_seq OWNED BY public.invoices.id;


--
-- Name: notifications; Type: TABLE; Schema: public; Owner: neondb_owner
--

CREATE TABLE public.notifications (
    id integer NOT NULL,
    user_id integer NOT NULL,
    title character varying(255) NOT NULL,
    message text NOT NULL,
    type character varying(50) DEFAULT 'info'::character varying NOT NULL,
    is_read boolean DEFAULT false NOT NULL,
    created_at timestamp without time zone DEFAULT now()
);


ALTER TABLE public.notifications OWNER TO neondb_owner;

--
-- Name: notifications_id_seq; Type: SEQUENCE; Schema: public; Owner: neondb_owner
--

CREATE SEQUENCE public.notifications_id_seq
    AS integer
    START WITH 1
    INCREMENT BY 1
    NO MINVALUE
    NO MAXVALUE
    CACHE 1;


ALTER SEQUENCE public.notifications_id_seq OWNER TO neondb_owner;

--
-- Name: notifications_id_seq; Type: SEQUENCE OWNED BY; Schema: public; Owner: neondb_owner
--

ALTER SEQUENCE public.notifications_id_seq OWNED BY public.notifications.id;


--
-- Name: partners; Type: TABLE; Schema: public; Owner: neondb_owner
--

CREATE TABLE public.partners (
    id integer NOT NULL,
    user_id integer NOT NULL,
    referral_code character varying(50) NOT NULL,
    commission_rate numeric(5,2) DEFAULT 25.00 NOT NULL,
    total_earnings numeric(12,2) DEFAULT 0.00 NOT NULL,
    created_at timestamp without time zone DEFAULT now()
);


ALTER TABLE public.partners OWNER TO neondb_owner;

--
-- Name: partners_id_seq; Type: SEQUENCE; Schema: public; Owner: neondb_owner
--

CREATE SEQUENCE public.partners_id_seq
    AS integer
    START WITH 1
    INCREMENT BY 1
    NO MINVALUE
    NO MAXVALUE
    CACHE 1;


ALTER SEQUENCE public.partners_id_seq OWNER TO neondb_owner;

--
-- Name: partners_id_seq; Type: SEQUENCE OWNED BY; Schema: public; Owner: neondb_owner
--

ALTER SEQUENCE public.partners_id_seq OWNED BY public.partners.id;


--
-- Name: payment_methods; Type: TABLE; Schema: public; Owner: neondb_owner
--

CREATE TABLE public.payment_methods (
    id integer NOT NULL,
    user_id integer NOT NULL,
    type character varying(50) NOT NULL,
    is_default boolean DEFAULT false NOT NULL,
    is_active boolean DEFAULT true NOT NULL,
    created_at timestamp without time zone DEFAULT now(),
    updated_at timestamp without time zone DEFAULT now(),
    details jsonb DEFAULT '{}'::jsonb NOT NULL
);


ALTER TABLE public.payment_methods OWNER TO neondb_owner;

--
-- Name: payment_methods_id_seq; Type: SEQUENCE; Schema: public; Owner: neondb_owner
--

CREATE SEQUENCE public.payment_methods_id_seq
    AS integer
    START WITH 1
    INCREMENT BY 1
    NO MINVALUE
    NO MAXVALUE
    CACHE 1;


ALTER SEQUENCE public.payment_methods_id_seq OWNER TO neondb_owner;

--
-- Name: payment_methods_id_seq; Type: SEQUENCE OWNED BY; Schema: public; Owner: neondb_owner
--

ALTER SEQUENCE public.payment_methods_id_seq OWNED BY public.payment_methods.id;


--
-- Name: payment_stages; Type: TABLE; Schema: public; Owner: neondb_owner
--

CREATE TABLE public.payment_stages (
    id integer NOT NULL,
    project_id integer NOT NULL,
    stage_name text NOT NULL,
    stage_percentage integer NOT NULL,
    amount numeric(10,2) NOT NULL,
    required_progress integer DEFAULT 0 NOT NULL,
    status text DEFAULT 'pending'::character varying NOT NULL,
    payment_link text,
    paid_date timestamp without time zone,
    created_at timestamp without time zone DEFAULT now(),
    updated_at timestamp without time zone DEFAULT now(),
    payment_method character varying(50),
    payment_data jsonb,
    proof_file_url text,
    whatsapp_notification_sent boolean DEFAULT false
);


ALTER TABLE public.payment_stages OWNER TO neondb_owner;

--
-- Name: payment_stages_id_seq; Type: SEQUENCE; Schema: public; Owner: neondb_owner
--

CREATE SEQUENCE public.payment_stages_id_seq
    AS integer
    START WITH 1
    INCREMENT BY 1
    NO MINVALUE
    NO MAXVALUE
    CACHE 1;


ALTER SEQUENCE public.payment_stages_id_seq OWNER TO neondb_owner;

--
-- Name: payment_stages_id_seq; Type: SEQUENCE OWNED BY; Schema: public; Owner: neondb_owner
--

ALTER SEQUENCE public.payment_stages_id_seq OWNED BY public.payment_stages.id;


--
-- Name: payments; Type: TABLE; Schema: public; Owner: neondb_owner
--

CREATE TABLE public.payments (
    id integer NOT NULL,
    project_id integer NOT NULL,
    amount numeric(12,2) NOT NULL,
    status character varying(50) DEFAULT 'pending'::character varying NOT NULL,
    payment_data jsonb,
    created_at timestamp without time zone DEFAULT now(),
    stage character varying(50) DEFAULT 'full'::character varying,
    stage_percentage numeric(5,2) DEFAULT 100.00,
    payment_method character varying(100),
    transaction_id character varying(255),
    currency character varying(3) DEFAULT 'PYG'::character varying NOT NULL
);


ALTER TABLE public.payments OWNER TO neondb_owner;

--
-- Name: payments_id_seq; Type: SEQUENCE; Schema: public; Owner: neondb_owner
--

CREATE SEQUENCE public.payments_id_seq
    AS integer
    START WITH 1
    INCREMENT BY 1
    NO MINVALUE
    NO MAXVALUE
    CACHE 1;


ALTER SEQUENCE public.payments_id_seq OWNER TO neondb_owner;

--
-- Name: payments_id_seq; Type: SEQUENCE OWNED BY; Schema: public; Owner: neondb_owner
--

ALTER SEQUENCE public.payments_id_seq OWNED BY public.payments.id;


--
-- Name: portfolio; Type: TABLE; Schema: public; Owner: neondb_owner
--

CREATE TABLE public.portfolio (
    id integer NOT NULL,
    title character varying(255) NOT NULL,
    description text NOT NULL,
    category character varying(100) NOT NULL,
    technologies text NOT NULL,
    image_url text NOT NULL,
    demo_url text,
    completed_at timestamp without time zone NOT NULL,
    featured boolean DEFAULT false NOT NULL,
    is_active boolean DEFAULT true NOT NULL,
    created_at timestamp without time zone DEFAULT now(),
    updated_at timestamp without time zone DEFAULT now()
);


ALTER TABLE public.portfolio OWNER TO neondb_owner;

--
-- Name: portfolio_id_seq; Type: SEQUENCE; Schema: public; Owner: neondb_owner
--

CREATE SEQUENCE public.portfolio_id_seq
    AS integer
    START WITH 1
    INCREMENT BY 1
    NO MINVALUE
    NO MAXVALUE
    CACHE 1;


ALTER SEQUENCE public.portfolio_id_seq OWNER TO neondb_owner;

--
-- Name: portfolio_id_seq; Type: SEQUENCE OWNED BY; Schema: public; Owner: neondb_owner
--

ALTER SEQUENCE public.portfolio_id_seq OWNED BY public.portfolio.id;


--
-- Name: project_files; Type: TABLE; Schema: public; Owner: neondb_owner
--

CREATE TABLE public.project_files (
    id integer NOT NULL,
    project_id integer NOT NULL,
    file_name character varying(255) NOT NULL,
    file_url text NOT NULL,
    file_type character varying(100) NOT NULL,
    uploaded_by integer NOT NULL,
    uploaded_at timestamp without time zone DEFAULT now(),
    file_size integer,
    created_at timestamp without time zone DEFAULT now()
);


ALTER TABLE public.project_files OWNER TO neondb_owner;

--
-- Name: project_files_id_seq; Type: SEQUENCE; Schema: public; Owner: neondb_owner
--

CREATE SEQUENCE public.project_files_id_seq
    AS integer
    START WITH 1
    INCREMENT BY 1
    NO MINVALUE
    NO MAXVALUE
    CACHE 1;


ALTER SEQUENCE public.project_files_id_seq OWNER TO neondb_owner;

--
-- Name: project_files_id_seq; Type: SEQUENCE OWNED BY; Schema: public; Owner: neondb_owner
--

ALTER SEQUENCE public.project_files_id_seq OWNED BY public.project_files.id;


--
-- Name: project_messages; Type: TABLE; Schema: public; Owner: neondb_owner
--

CREATE TABLE public.project_messages (
    id integer NOT NULL,
    project_id integer NOT NULL,
    user_id integer NOT NULL,
    message text NOT NULL,
    created_at timestamp without time zone DEFAULT now()
);


ALTER TABLE public.project_messages OWNER TO neondb_owner;

--
-- Name: project_messages_id_seq; Type: SEQUENCE; Schema: public; Owner: neondb_owner
--

CREATE SEQUENCE public.project_messages_id_seq
    AS integer
    START WITH 1
    INCREMENT BY 1
    NO MINVALUE
    NO MAXVALUE
    CACHE 1;


ALTER SEQUENCE public.project_messages_id_seq OWNER TO neondb_owner;

--
-- Name: project_messages_id_seq; Type: SEQUENCE OWNED BY; Schema: public; Owner: neondb_owner
--

ALTER SEQUENCE public.project_messages_id_seq OWNED BY public.project_messages.id;


--
-- Name: project_timeline; Type: TABLE; Schema: public; Owner: neondb_owner
--

CREATE TABLE public.project_timeline (
    id integer NOT NULL,
    project_id integer NOT NULL,
    title character varying(255) NOT NULL,
    description text,
    status character varying(50) DEFAULT 'pending'::character varying,
    estimated_date timestamp without time zone,
    completed_at timestamp without time zone,
    created_at timestamp without time zone DEFAULT now()
);


ALTER TABLE public.project_timeline OWNER TO neondb_owner;

--
-- Name: project_timeline_id_seq; Type: SEQUENCE; Schema: public; Owner: neondb_owner
--

CREATE SEQUENCE public.project_timeline_id_seq
    AS integer
    START WITH 1
    INCREMENT BY 1
    NO MINVALUE
    NO MAXVALUE
    CACHE 1;


ALTER SEQUENCE public.project_timeline_id_seq OWNER TO neondb_owner;

--
-- Name: project_timeline_id_seq; Type: SEQUENCE OWNED BY; Schema: public; Owner: neondb_owner
--

ALTER SEQUENCE public.project_timeline_id_seq OWNED BY public.project_timeline.id;


--
-- Name: projects; Type: TABLE; Schema: public; Owner: neondb_owner
--

CREATE TABLE public.projects (
    id integer NOT NULL,
    name character varying(255) NOT NULL,
    description text,
    price numeric(12,2) NOT NULL,
    status character varying(50) DEFAULT 'pending'::character varying NOT NULL,
    progress integer DEFAULT 0 NOT NULL,
    client_id integer NOT NULL,
    partner_id integer,
    delivery_date timestamp without time zone,
    created_at timestamp without time zone DEFAULT now(),
    updated_at timestamp without time zone DEFAULT now(),
    start_date timestamp without time zone,
    currency character varying(3) DEFAULT 'PYG'::character varying NOT NULL
);


ALTER TABLE public.projects OWNER TO neondb_owner;

--
-- Name: projects_id_seq; Type: SEQUENCE; Schema: public; Owner: neondb_owner
--

CREATE SEQUENCE public.projects_id_seq
    AS integer
    START WITH 1
    INCREMENT BY 1
    NO MINVALUE
    NO MAXVALUE
    CACHE 1;


ALTER SEQUENCE public.projects_id_seq OWNER TO neondb_owner;

--
-- Name: projects_id_seq; Type: SEQUENCE OWNED BY; Schema: public; Owner: neondb_owner
--

ALTER SEQUENCE public.projects_id_seq OWNED BY public.projects.id;


--
-- Name: referrals; Type: TABLE; Schema: public; Owner: neondb_owner
--

CREATE TABLE public.referrals (
    id integer NOT NULL,
    partner_id integer NOT NULL,
    client_id integer NOT NULL,
    project_id integer,
    status character varying(50) DEFAULT 'pending'::character varying NOT NULL,
    commission_amount numeric(12,2) DEFAULT 0.00,
    created_at timestamp without time zone DEFAULT now()
);


ALTER TABLE public.referrals OWNER TO neondb_owner;

--
-- Name: referrals_id_seq; Type: SEQUENCE; Schema: public; Owner: neondb_owner
--

CREATE SEQUENCE public.referrals_id_seq
    AS integer
    START WITH 1
    INCREMENT BY 1
    NO MINVALUE
    NO MAXVALUE
    CACHE 1;


ALTER SEQUENCE public.referrals_id_seq OWNER TO neondb_owner;

--
-- Name: referrals_id_seq; Type: SEQUENCE OWNED BY; Schema: public; Owner: neondb_owner
--

ALTER SEQUENCE public.referrals_id_seq OWNED BY public.referrals.id;


--
-- Name: sessions; Type: TABLE; Schema: public; Owner: neondb_owner
--

CREATE TABLE public.sessions (
    sid character varying NOT NULL,
    sess jsonb NOT NULL,
    expire timestamp without time zone NOT NULL
);


ALTER TABLE public.sessions OWNER TO neondb_owner;

--
-- Name: ticket_responses; Type: TABLE; Schema: public; Owner: neondb_owner
--

CREATE TABLE public.ticket_responses (
    id integer NOT NULL,
    ticket_id integer NOT NULL,
    user_id integer NOT NULL,
    message text NOT NULL,
    is_from_support boolean DEFAULT false,
    created_at timestamp without time zone DEFAULT now()
);


ALTER TABLE public.ticket_responses OWNER TO neondb_owner;

--
-- Name: ticket_responses_id_seq; Type: SEQUENCE; Schema: public; Owner: neondb_owner
--

CREATE SEQUENCE public.ticket_responses_id_seq
    AS integer
    START WITH 1
    INCREMENT BY 1
    NO MINVALUE
    NO MAXVALUE
    CACHE 1;


ALTER SEQUENCE public.ticket_responses_id_seq OWNER TO neondb_owner;

--
-- Name: ticket_responses_id_seq; Type: SEQUENCE OWNED BY; Schema: public; Owner: neondb_owner
--

ALTER SEQUENCE public.ticket_responses_id_seq OWNED BY public.ticket_responses.id;


--
-- Name: tickets; Type: TABLE; Schema: public; Owner: neondb_owner
--

CREATE TABLE public.tickets (
    id integer NOT NULL,
    title character varying(255) NOT NULL,
    description text NOT NULL,
    status character varying(50) DEFAULT 'open'::character varying NOT NULL,
    priority character varying(50) DEFAULT 'medium'::character varying NOT NULL,
    user_id integer NOT NULL,
    project_id integer,
    created_at timestamp without time zone DEFAULT now(),
    updated_at timestamp without time zone DEFAULT now()
);


ALTER TABLE public.tickets OWNER TO neondb_owner;

--
-- Name: tickets_id_seq; Type: SEQUENCE; Schema: public; Owner: neondb_owner
--

CREATE SEQUENCE public.tickets_id_seq
    AS integer
    START WITH 1
    INCREMENT BY 1
    NO MINVALUE
    NO MAXVALUE
    CACHE 1;


ALTER SEQUENCE public.tickets_id_seq OWNER TO neondb_owner;

--
-- Name: tickets_id_seq; Type: SEQUENCE OWNED BY; Schema: public; Owner: neondb_owner
--

ALTER SEQUENCE public.tickets_id_seq OWNED BY public.tickets.id;


--
-- Name: transactions; Type: TABLE; Schema: public; Owner: neondb_owner
--

CREATE TABLE public.transactions (
    id integer NOT NULL,
    invoice_id integer,
    payment_method_id integer,
    user_id integer NOT NULL,
    type character varying(50) NOT NULL,
    amount numeric(12,2) NOT NULL,
    status character varying(50) DEFAULT 'pending'::character varying NOT NULL,
    description text NOT NULL,
    transaction_id character varying(255),
    provider_data jsonb,
    processed_at timestamp without time zone,
    created_at timestamp without time zone DEFAULT now()
);


ALTER TABLE public.transactions OWNER TO neondb_owner;

--
-- Name: transactions_id_seq; Type: SEQUENCE; Schema: public; Owner: neondb_owner
--

CREATE SEQUENCE public.transactions_id_seq
    AS integer
    START WITH 1
    INCREMENT BY 1
    NO MINVALUE
    NO MAXVALUE
    CACHE 1;


ALTER SEQUENCE public.transactions_id_seq OWNER TO neondb_owner;

--
-- Name: transactions_id_seq; Type: SEQUENCE OWNED BY; Schema: public; Owner: neondb_owner
--

ALTER SEQUENCE public.transactions_id_seq OWNED BY public.transactions.id;


--
-- Name: twilio_config; Type: TABLE; Schema: public; Owner: neondb_owner
--

CREATE TABLE public.twilio_config (
    id integer NOT NULL,
    account_sid character varying(255),
    auth_token character varying(255),
    from_phone_number character varying(20),
    whatsapp_from_number character varying(20),
    is_enabled boolean DEFAULT false,
    created_at timestamp without time zone DEFAULT now(),
    updated_at timestamp without time zone DEFAULT now()
);


ALTER TABLE public.twilio_config OWNER TO neondb_owner;

--
-- Name: twilio_config_id_seq; Type: SEQUENCE; Schema: public; Owner: neondb_owner
--

CREATE SEQUENCE public.twilio_config_id_seq
    AS integer
    START WITH 1
    INCREMENT BY 1
    NO MINVALUE
    NO MAXVALUE
    CACHE 1;


ALTER SEQUENCE public.twilio_config_id_seq OWNER TO neondb_owner;

--
-- Name: twilio_config_id_seq; Type: SEQUENCE OWNED BY; Schema: public; Owner: neondb_owner
--

ALTER SEQUENCE public.twilio_config_id_seq OWNED BY public.twilio_config.id;


--
-- Name: users; Type: TABLE; Schema: public; Owner: neondb_owner
--

CREATE TABLE public.users (
    id integer NOT NULL,
    email character varying(255) NOT NULL,
    password character varying(255) NOT NULL,
    full_name character varying(255) NOT NULL,
    role character varying(50) DEFAULT 'client'::character varying NOT NULL,
    is_active boolean DEFAULT true NOT NULL,
    created_at timestamp without time zone DEFAULT now(),
    updated_at timestamp without time zone DEFAULT now(),
    whatsapp_number character varying(20)
);


ALTER TABLE public.users OWNER TO neondb_owner;

--
-- Name: users_id_seq; Type: SEQUENCE; Schema: public; Owner: neondb_owner
--

CREATE SEQUENCE public.users_id_seq
    AS integer
    START WITH 1
    INCREMENT BY 1
    NO MINVALUE
    NO MAXVALUE
    CACHE 1;


ALTER SEQUENCE public.users_id_seq OWNER TO neondb_owner;

--
-- Name: users_id_seq; Type: SEQUENCE OWNED BY; Schema: public; Owner: neondb_owner
--

ALTER SEQUENCE public.users_id_seq OWNED BY public.users.id;


--
-- Name: work_modalities; Type: TABLE; Schema: public; Owner: neondb_owner
--

CREATE TABLE public.work_modalities (
    id integer NOT NULL,
    title character varying(255) NOT NULL,
    subtitle character varying(255),
    badge_text character varying(100),
    badge_variant character varying(50) DEFAULT 'secondary'::character varying,
    description text NOT NULL,
    price_text character varying(255) NOT NULL,
    price_subtitle character varying(255),
    features jsonb NOT NULL,
    button_text character varying(255) DEFAULT 'Solicitar Cotización'::character varying NOT NULL,
    button_variant character varying(50) DEFAULT 'default'::character varying,
    is_popular boolean DEFAULT false,
    is_active boolean DEFAULT true,
    display_order integer DEFAULT 0,
    created_at timestamp without time zone DEFAULT now(),
    updated_at timestamp without time zone DEFAULT now(),
    title_es character varying(255),
    title_en character varying(255),
    title_pt character varying(255),
    description_es text,
    description_en text,
    description_pt text
);


ALTER TABLE public.work_modalities OWNER TO neondb_owner;

--
-- Name: work_modalities_id_seq; Type: SEQUENCE; Schema: public; Owner: neondb_owner
--

CREATE SEQUENCE public.work_modalities_id_seq
    AS integer
    START WITH 1
    INCREMENT BY 1
    NO MINVALUE
    NO MAXVALUE
    CACHE 1;


ALTER SEQUENCE public.work_modalities_id_seq OWNER TO neondb_owner;

--
-- Name: work_modalities_id_seq; Type: SEQUENCE OWNED BY; Schema: public; Owner: neondb_owner
--

ALTER SEQUENCE public.work_modalities_id_seq OWNED BY public.work_modalities.id;


--
-- Name: __drizzle_migrations id; Type: DEFAULT; Schema: drizzle; Owner: neondb_owner
--

ALTER TABLE ONLY drizzle.__drizzle_migrations ALTER COLUMN id SET DEFAULT nextval('drizzle.__drizzle_migrations_id_seq'::regclass);


--
-- Name: budget_negotiations id; Type: DEFAULT; Schema: public; Owner: neondb_owner
--

ALTER TABLE ONLY public.budget_negotiations ALTER COLUMN id SET DEFAULT nextval('public.budget_negotiations_id_seq'::regclass);


--
-- Name: client_billing_info id; Type: DEFAULT; Schema: public; Owner: neondb_owner
--

ALTER TABLE ONLY public.client_billing_info ALTER COLUMN id SET DEFAULT nextval('public.client_billing_info_id_seq'::regclass);


--
-- Name: company_billing_info id; Type: DEFAULT; Schema: public; Owner: neondb_owner
--

ALTER TABLE ONLY public.company_billing_info ALTER COLUMN id SET DEFAULT nextval('public.company_billing_info_id_seq'::regclass);


--
-- Name: invoices id; Type: DEFAULT; Schema: public; Owner: neondb_owner
--

ALTER TABLE ONLY public.invoices ALTER COLUMN id SET DEFAULT nextval('public.invoices_id_seq'::regclass);


--
-- Name: notifications id; Type: DEFAULT; Schema: public; Owner: neondb_owner
--

ALTER TABLE ONLY public.notifications ALTER COLUMN id SET DEFAULT nextval('public.notifications_id_seq'::regclass);


--
-- Name: partners id; Type: DEFAULT; Schema: public; Owner: neondb_owner
--

ALTER TABLE ONLY public.partners ALTER COLUMN id SET DEFAULT nextval('public.partners_id_seq'::regclass);


--
-- Name: payment_methods id; Type: DEFAULT; Schema: public; Owner: neondb_owner
--

ALTER TABLE ONLY public.payment_methods ALTER COLUMN id SET DEFAULT nextval('public.payment_methods_id_seq'::regclass);


--
-- Name: payment_stages id; Type: DEFAULT; Schema: public; Owner: neondb_owner
--

ALTER TABLE ONLY public.payment_stages ALTER COLUMN id SET DEFAULT nextval('public.payment_stages_id_seq'::regclass);


--
-- Name: payments id; Type: DEFAULT; Schema: public; Owner: neondb_owner
--

ALTER TABLE ONLY public.payments ALTER COLUMN id SET DEFAULT nextval('public.payments_id_seq'::regclass);


--
-- Name: portfolio id; Type: DEFAULT; Schema: public; Owner: neondb_owner
--

ALTER TABLE ONLY public.portfolio ALTER COLUMN id SET DEFAULT nextval('public.portfolio_id_seq'::regclass);


--
-- Name: project_files id; Type: DEFAULT; Schema: public; Owner: neondb_owner
--

ALTER TABLE ONLY public.project_files ALTER COLUMN id SET DEFAULT nextval('public.project_files_id_seq'::regclass);


--
-- Name: project_messages id; Type: DEFAULT; Schema: public; Owner: neondb_owner
--

ALTER TABLE ONLY public.project_messages ALTER COLUMN id SET DEFAULT nextval('public.project_messages_id_seq'::regclass);


--
-- Name: project_timeline id; Type: DEFAULT; Schema: public; Owner: neondb_owner
--

ALTER TABLE ONLY public.project_timeline ALTER COLUMN id SET DEFAULT nextval('public.project_timeline_id_seq'::regclass);


--
-- Name: projects id; Type: DEFAULT; Schema: public; Owner: neondb_owner
--

ALTER TABLE ONLY public.projects ALTER COLUMN id SET DEFAULT nextval('public.projects_id_seq'::regclass);


--
-- Name: referrals id; Type: DEFAULT; Schema: public; Owner: neondb_owner
--

ALTER TABLE ONLY public.referrals ALTER COLUMN id SET DEFAULT nextval('public.referrals_id_seq'::regclass);


--
-- Name: ticket_responses id; Type: DEFAULT; Schema: public; Owner: neondb_owner
--

ALTER TABLE ONLY public.ticket_responses ALTER COLUMN id SET DEFAULT nextval('public.ticket_responses_id_seq'::regclass);


--
-- Name: tickets id; Type: DEFAULT; Schema: public; Owner: neondb_owner
--

ALTER TABLE ONLY public.tickets ALTER COLUMN id SET DEFAULT nextval('public.tickets_id_seq'::regclass);


--
-- Name: transactions id; Type: DEFAULT; Schema: public; Owner: neondb_owner
--

ALTER TABLE ONLY public.transactions ALTER COLUMN id SET DEFAULT nextval('public.transactions_id_seq'::regclass);


--
-- Name: twilio_config id; Type: DEFAULT; Schema: public; Owner: neondb_owner
--

ALTER TABLE ONLY public.twilio_config ALTER COLUMN id SET DEFAULT nextval('public.twilio_config_id_seq'::regclass);


--
-- Name: users id; Type: DEFAULT; Schema: public; Owner: neondb_owner
--

ALTER TABLE ONLY public.users ALTER COLUMN id SET DEFAULT nextval('public.users_id_seq'::regclass);


--
-- Name: work_modalities id; Type: DEFAULT; Schema: public; Owner: neondb_owner
--

ALTER TABLE ONLY public.work_modalities ALTER COLUMN id SET DEFAULT nextval('public.work_modalities_id_seq'::regclass);


--
-- Data for Name: __drizzle_migrations; Type: TABLE DATA; Schema: drizzle; Owner: neondb_owner
--

COPY drizzle.__drizzle_migrations (id, hash, created_at) FROM stdin;
\.


--
-- Data for Name: budget_negotiations; Type: TABLE DATA; Schema: public; Owner: neondb_owner
--

COPY public.budget_negotiations (id, project_id, proposed_by, original_price, proposed_price, message, status, created_at, responded_at) FROM stdin;
7	11	1	250.00	350.00	hola trola subi a 350 y ahaaa	accepted	2025-09-30 00:49:40.979368	2025-09-30 00:50:15.207
\.


--
-- Data for Name: client_billing_info; Type: TABLE DATA; Schema: public; Owner: neondb_owner
--

COPY public.client_billing_info (id, user_id, legal_name, document_type, document_number, address, city, country, phone, is_default, created_at, updated_at, client_type, department, email, additional_ruc, observations) FROM stdin;
1	2	Hugo Benitez	CI	123456789	Barrio Residencial	Ciudad del Este	Paraguay	+595985990044	t	2025-09-30 03:19:11.00619	2025-09-30 13:48:12.6	consumidor_final	Itapúa	alfagroupstoreok@gmail.com	\N	
\.


--
-- Data for Name: company_billing_info; Type: TABLE DATA; Schema: public; Owner: neondb_owner
--

COPY public.company_billing_info (id, company_name, ruc, address, city, country, phone, email, website, tax_regime, economic_activity, logo_url, is_active, created_at, updated_at) FROM stdin;
2	Jhoni Fabián Benítez De La Cruz (SoftwarePar)	En proceso	Itapúa, Carlos Antonio López, Paraguay	Carlos Antonio López	Paraguay	+595 985 990 046	softwarepar.lat@gmail.com	https://softwarepar.lat	Régimen de Pequeño Contribuyente	Desarrollo de software y servicios informáticos		t	2025-09-30 02:58:37.188036	2025-09-30 03:51:19.04
3	Jhoni Fabián Benítez De La Cruz (SoftwarePar)	En proceso	Itapúa, Carlos Antonio López, Paraguay	Carlos Antonio López	Paraguay	+595 985 990 046	softwarepar.lat@gmail.com	https://softwarepar.lat	Régimen General	Desarrollo de software y servicios informáticos		t	2025-09-30 02:58:46.531403	2025-09-30 03:54:06.596
1	Jhoni Fabián Benítez De La Cruz (SoftwarePar)	En proceso	Paraguay, América del Sur	Itapúa	Paraguay	+595 985 990 046	softwarepar.lat@gmail.com	https://softwarepar.lat	Régimen General	Desarrollo de Software y Servicios Informáticos	https://37337844-ff3d-4e78-b787-b354ec3a74ce-00-2uep18ukprhyv.picard.replit.dev/logo-softwarepar.png	t	2025-09-30 02:51:18.953684	2025-09-30 03:55:35.178
\.


--
-- Data for Name: invoices; Type: TABLE DATA; Schema: public; Owner: neondb_owner
--

COPY public.invoices (id, invoice_number, project_id, client_id, amount, status, due_date, paid_date, description, tax_amount, discount_amount, total_amount, payment_method_id, notes, created_at, updated_at, currency) FROM stdin;
\.


--
-- Data for Name: notifications; Type: TABLE DATA; Schema: public; Owner: neondb_owner
--

COPY public.notifications (id, user_id, title, message, type, is_read, created_at) FROM stdin;
1	1	🚀 Nuevo Proyecto Creado	Cliente ha creado el proyecto "FrigoMgrande"	info	f	2025-09-29 15:22:27.801728
2	2	✅ Proyecto Creado Exitosamente	Tu proyecto "FrigoMgrande" ha sido creado y está siendo revisado	success	f	2025-09-29 15:22:29.29057
3	1	🚀 Nuevo Proyecto Creado	Cliente ha creado el proyecto "FrigoMgrande"	info	f	2025-09-29 16:04:59.1094
4	2	✅ Proyecto Creado Exitosamente	Tu proyecto "FrigoMgrande" ha sido creado y está siendo revisado	success	f	2025-09-29 16:05:01.06248
5	1	🚀 Nuevo Proyecto Creado	Cliente ha creado el proyecto "FrigoMgrande"	info	f	2025-09-29 16:14:07.278636
6	2	✅ Proyecto Creado Exitosamente	Tu proyecto "FrigoMgrande" ha sido creado y está siendo revisado	success	f	2025-09-29 16:14:08.456755
7	1	🚀 Nuevo Proyecto Creado	Cliente ha creado el proyecto "Proyecto de Prueba - Notificaciones"	info	f	2025-09-29 16:22:56.985883
8	2	✅ Proyecto Creado Exitosamente	Tu proyecto "Proyecto de Prueba - Notificaciones" ha sido creado y está siendo revisado	success	f	2025-09-29 16:22:58.619185
9	1	🚀 Nuevo Proyecto Creado	Cliente ha creado el proyecto "Proyecto de Prueba - Notificaciones"	info	f	2025-09-29 16:24:24.385947
10	2	✅ Proyecto Creado Exitosamente	Tu proyecto "Proyecto de Prueba - Notificaciones" ha sido creado y está siendo revisado	success	f	2025-09-29 16:24:26.024409
11	2	💵 Contraoferta Recibida	Proyecto "FrigoMgrande": Precio propuesto $250	warning	f	2025-09-29 16:28:03.27255
12	1	💬 Nuevo Mensaje	Cliente te ha enviado un mensaje en "FrigoMgrande"	info	f	2025-09-29 16:29:04.202682
13	2	💬 Nuevo Mensaje	Administrador SoftwarePar te ha enviado un mensaje en "FrigoMgrande"	info	f	2025-09-29 16:29:19.050779
14	1	📋 Comprobante de Pago Recibido	El cliente Cliente envió comprobante de pago para "Anticipo - Inicio del Proyecto" mediante Mango. Comprobante adjunto: photo-1621607512214-68297480165e.jpg. Requiere verificación.	warning	f	2025-09-29 16:33:02.920794
15	2	✅ Pago Aprobado	Tu pago para la etapa "Anticipo - Inicio del Proyecto" ha sido verificado y aprobado. ¡Continuamos con el desarrollo!	success	f	2025-09-29 16:34:28.86734
16	1	🚀 Nuevo Proyecto Creado	Cliente de Prueba ha creado el proyecto "Proyecto de Prueba Email - 2025-09-29T17:04:14.890Z"	info	f	2025-09-29 17:04:15.495878
17	3	✅ Proyecto Creado Exitosamente	Tu proyecto "Proyecto de Prueba Email - 2025-09-29T17:04:14.890Z" ha sido creado y está siendo revisado	success	f	2025-09-29 17:04:19.761361
18	3	📋 Proyecto Actualizado	Tu proyecto "Proyecto de Prueba Email - 2025-09-29T17:04:14.890Z" ha sido actualizado: Estado cambiado a: En Progreso - Progreso actualizado a 25%	info	f	2025-09-29 17:04:21.666928
19	1	📋 Proyecto Actualizado por Admin	Proyecto "Proyecto de Prueba Email - 2025-09-29T17:04:14.890Z" actualizado: Estado cambiado a: En Progreso - Progreso actualizado a 25%	info	f	2025-09-29 17:04:22.801791
20	1	🎫 Nuevo Ticket de Soporte	Cliente de Prueba ha creado el ticket: "Ticket de Prueba - Consulta sobre el proyecto"	warning	f	2025-09-29 17:04:28.837308
21	1	💬 Nuevo Mensaje	Cliente de Prueba te ha enviado un mensaje en "Proyecto de Prueba Email - 2025-09-29T17:04:14.890Z"	info	f	2025-09-29 17:04:30.854736
22	3	📋 Proyecto Actualizado	Tu proyecto "Proyecto de Prueba Email - 2025-09-29T17:04:14.890Z" ha sido actualizado: Estado cambiado a: Completado - Progreso actualizado a 100%	info	f	2025-09-29 17:04:30.973519
23	1	📋 Proyecto Actualizado por Admin	Proyecto "Proyecto de Prueba Email - 2025-09-29T17:04:14.890Z" actualizado: Estado cambiado a: Completado - Progreso actualizado a 100%	info	f	2025-09-29 17:04:32.768153
24	1	🚀 Nuevo Proyecto Creado	Cliente de Prueba ha creado el proyecto "Proyecto de Prueba Email - 2025-09-29T20:59:55.385Z"	info	f	2025-09-29 20:59:56.078026
25	3	✅ Proyecto Creado Exitosamente	Tu proyecto "Proyecto de Prueba Email - 2025-09-29T20:59:55.385Z" ha sido creado y está siendo revisado	success	f	2025-09-29 20:59:59.360426
26	3	📋 Proyecto Actualizado	Tu proyecto "Proyecto de Prueba Email - 2025-09-29T20:59:55.385Z" ha sido actualizado: Estado cambiado a: En Progreso - Progreso actualizado a 25%	info	f	2025-09-29 21:00:01.328731
27	1	📋 Proyecto Actualizado por Admin	Proyecto "Proyecto de Prueba Email - 2025-09-29T20:59:55.385Z" actualizado: Estado cambiado a: En Progreso - Progreso actualizado a 25%	info	f	2025-09-29 21:00:02.64845
28	1	🎫 Nuevo Ticket de Soporte	Cliente de Prueba ha creado el ticket: "Ticket de Prueba - Consulta sobre el proyecto"	warning	f	2025-09-29 21:00:06.457302
29	1	💬 Nuevo Mensaje	Cliente de Prueba te ha enviado un mensaje en "Proyecto de Prueba Email - 2025-09-29T20:59:55.385Z"	info	f	2025-09-29 21:00:07.901123
30	3	📋 Proyecto Actualizado	Tu proyecto "Proyecto de Prueba Email - 2025-09-29T20:59:55.385Z" ha sido actualizado: Estado cambiado a: Completado - Progreso actualizado a 100%	info	f	2025-09-29 21:00:08.598154
31	1	📋 Proyecto Actualizado por Admin	Proyecto "Proyecto de Prueba Email - 2025-09-29T20:59:55.385Z" actualizado: Estado cambiado a: Completado - Progreso actualizado a 100%	info	f	2025-09-29 21:00:09.697936
32	1	🚀 Nuevo Proyecto Creado	Cliente ha creado el proyecto "test"	info	f	2025-09-29 21:23:40.922568
33	2	✅ Proyecto Creado Exitosamente	Tu proyecto "test" ha sido creado y está siendo revisado	success	f	2025-09-29 21:23:45.226111
34	2	💵 Contraoferta Recibida	Proyecto "test": Precio propuesto $275	warning	f	2025-09-29 21:25:29.630751
35	1	🚀 Nuevo Proyecto Creado	Cliente ha creado el proyecto "FrigoMgrande"	info	f	2025-09-29 21:34:03.102939
36	2	✅ Proyecto Creado Exitosamente	Tu proyecto "FrigoMgrande" ha sido creado y está siendo revisado	success	f	2025-09-29 21:34:07.469534
37	2	💵 Contraoferta Recibida	Proyecto "FrigoMgrande": Precio propuesto $350	warning	f	2025-09-29 21:35:52.647467
38	1	🚀 Nuevo Proyecto Creado	Cliente ha creado el proyecto "FrigoMgrande"	info	f	2025-09-29 21:43:09.483022
39	2	✅ Proyecto Creado Exitosamente	Tu proyecto "FrigoMgrande" ha sido creado y está siendo revisado	success	f	2025-09-29 21:43:11.43281
40	2	💵 Contraoferta Recibida	Proyecto "FrigoMgrande": Precio propuesto $425	warning	f	2025-09-29 21:44:44.354683
41	1	📋 Comprobante de Pago Recibido	El cliente Cliente envió comprobante de pago para "Anticipo - Inicio del Proyecto" mediante Mango. Comprobante adjunto: photo-1621607512214-68297480165e.jpg. Requiere verificación.	warning	f	2025-09-29 21:48:39.830617
42	2	✅ Pago Aprobado	Tu pago para la etapa "Anticipo - Inicio del Proyecto" ha sido verificado y aprobado. ¡Continuamos con el desarrollo!	success	f	2025-09-29 21:51:05.529997
43	1	🚀 Nuevo Proyecto Creado	Cliente ha creado el proyecto "FrigoMgrande"	info	f	2025-09-29 22:15:36.111101
44	2	✅ Proyecto Creado Exitosamente	Tu proyecto "FrigoMgrande" ha sido creado y está siendo revisado	success	f	2025-09-29 22:15:38.218791
45	2	💵 Contraoferta Recibida	Proyecto "FrigoMgrande": Precio propuesto $300	warning	f	2025-09-29 22:16:16.453416
46	1	🚀 Nuevo Proyecto Creado	Cliente ha creado el proyecto "FrigoMgrande"	info	f	2025-09-29 22:19:55.443582
47	2	✅ Proyecto Creado Exitosamente	Tu proyecto "FrigoMgrande" ha sido creado y está siendo revisado	success	f	2025-09-29 22:19:58.822728
48	2	💵 Contraoferta Recibida	Proyecto "FrigoMgrande": Precio propuesto $175	warning	f	2025-09-29 22:20:41.491543
49	1	📋 Comprobante de Pago Recibido	El cliente Cliente envió comprobante de pago para "Anticipo - Inicio del Proyecto" mediante Mango. Comprobante adjunto: solar.png. Requiere verificación.	warning	f	2025-09-29 22:23:25.064449
50	2	✅ Pago Aprobado	Tu pago para la etapa "Anticipo - Inicio del Proyecto" ha sido verificado y aprobado. ¡Continuamos con el desarrollo!	success	f	2025-09-29 22:24:37.558769
51	1	🚀 Nuevo Proyecto Creado	Cliente ha creado el proyecto "FrigoMgrande"	info	f	2025-09-30 00:48:24.046749
52	2	✅ Proyecto Creado Exitosamente	Tu proyecto "FrigoMgrande" ha sido creado y está siendo revisado	success	f	2025-09-30 00:48:27.403274
53	2	💵 Contraoferta Recibida	Proyecto "FrigoMgrande": Precio propuesto $350	warning	f	2025-09-30 00:49:41.279789
54	1	📋 Comprobante de Pago Recibido	El cliente Cliente envió comprobante de pago para "Anticipo - Inicio del Proyecto" mediante Ueno Bank. Sin comprobante adjunto. Requiere verificación.	warning	f	2025-09-30 01:17:59.337382
55	2	✅ Pago Aprobado	Tu pago para la etapa "Anticipo - Inicio del Proyecto" ha sido verificado y aprobado. ¡Continuamos con el desarrollo!	success	f	2025-09-30 01:30:01.574974
\.


--
-- Data for Name: partners; Type: TABLE DATA; Schema: public; Owner: neondb_owner
--

COPY public.partners (id, user_id, referral_code, commission_rate, total_earnings, created_at) FROM stdin;
\.


--
-- Data for Name: payment_methods; Type: TABLE DATA; Schema: public; Owner: neondb_owner
--

COPY public.payment_methods (id, user_id, type, is_default, is_active, created_at, updated_at, details) FROM stdin;
\.


--
-- Data for Name: payment_stages; Type: TABLE DATA; Schema: public; Owner: neondb_owner
--

COPY public.payment_stages (id, project_id, stage_name, stage_percentage, amount, required_progress, status, payment_link, paid_date, created_at, updated_at, payment_method, payment_data, proof_file_url, whatsapp_notification_sent) FROM stdin;
22	11	Avance 50% - Desarrollo	25	62.50	50	pending	\N	\N	2025-09-30 00:50:59.4476	2025-09-30 00:50:59.4476	\N	\N	\N	f
23	11	Pre-entrega - 90% Completado	25	62.50	90	pending	\N	\N	2025-09-30 00:50:59.59758	2025-09-30 00:50:59.59758	\N	\N	\N	f
24	11	Entrega Final	25	62.50	100	pending	\N	\N	2025-09-30 00:50:59.745689	2025-09-30 00:50:59.745689	\N	\N	\N	f
21	11	Anticipo - Inicio del Proyecto	25	62.50	0	paid	\N	2025-09-30 01:30:01.353	2025-09-30 00:50:59.294607	2025-09-30 01:30:01.353	Ueno Bank	{"method": "Ueno Bank", "fileInfo": null, "confirmedAt": "2025-09-30T01:17:58.950Z", "confirmedBy": 2}	\N	f
\.


--
-- Data for Name: payments; Type: TABLE DATA; Schema: public; Owner: neondb_owner
--

COPY public.payments (id, project_id, amount, status, payment_data, created_at, stage, stage_percentage, payment_method, transaction_id, currency) FROM stdin;
\.


--
-- Data for Name: portfolio; Type: TABLE DATA; Schema: public; Owner: neondb_owner
--

COPY public.portfolio (id, title, description, category, technologies, image_url, demo_url, completed_at, featured, is_active, created_at, updated_at) FROM stdin;
2	Dashboard Analytics	Dashboard interactivo para analisis de datos con graficos en tiempo real y reportes personalizables.	Dashboard	["Vue.js", "Express", "MongoDB", "Chart.js"]	https://images.unsplash.com/photo-1551288049-bebda4e38f71?w=800	https://demo-dashboard.softwarepar.lat	2024-02-10 14:30:00	t	t	2025-08-27 14:44:09.899342	2025-08-27 14:44:09.899342
4	Sistema CRM	Sistema de gestion de relaciones con clientes con automatizacion de marketing y seguimiento de ventas.	Web App	["Angular", ".NET Core", "SQL Server"]	https://images.unsplash.com/photo-1460925895917-afdab827c52f?w=800	https://demo-crm.softwarepar.lat	2024-01-28 16:45:00	f	t	2025-08-27 14:44:09.899342	2025-08-27 14:44:09.899342
3	App Movil Delivery1	Aplicacion movil para delivery de comida con seguimiento en tiempo real y multiples metodos de pago.	Mobile App	["React Native", "Firebase", "Google Maps"]	https://images.unsplash.com/photo-1512941937669-90a1b58e7e9c?w=800		2024-03-05 00:00:00	f	t	2025-08-27 14:44:09.899342	2025-08-27 15:03:53.588
1	E-commerce Moderno	Plataforma de comercio electronico con carrito de compras, pagos integrados y panel de administracion completo.	E-commerce	["React", "Node.js", "PostgreSQL", "Stripe"]	https://images.unsplash.com/photo-1556742049-0cfed4f6a45d?w=800	https://demo-ecommerce.softwarepar.lat	2024-01-15 00:00:00	t	t	2025-08-27 14:44:09.899342	2025-08-29 14:43:38.856
7	BaberShop	Aplicación web completa para gestión de barbería con sistema de reservas online, panel administrativo y soporte multiidioma (Español/Portugués). Incluye catálogo de servicios con precios en múltiples monedas (USD, BRL, PYG), galería de trabajos, gestión de personal y configuración de horarios. Sistema responsive con diseño moderno y funcionalidades avanzadas de administración.	Web App	["React","Express","PostgreSQL"]	https://i.ibb.co/8DwC9CCg/web.png	https://barbershop.softwarepar.lat	2025-09-23 00:00:00	f	t	2025-09-24 23:27:36.539547	2025-09-25 00:12:52.482
\.


--
-- Data for Name: project_files; Type: TABLE DATA; Schema: public; Owner: neondb_owner
--

COPY public.project_files (id, project_id, file_name, file_url, file_type, uploaded_by, uploaded_at, file_size, created_at) FROM stdin;
\.


--
-- Data for Name: project_messages; Type: TABLE DATA; Schema: public; Owner: neondb_owner
--

COPY public.project_messages (id, project_id, user_id, message, created_at) FROM stdin;
\.


--
-- Data for Name: project_timeline; Type: TABLE DATA; Schema: public; Owner: neondb_owner
--

COPY public.project_timeline (id, project_id, title, description, status, estimated_date, completed_at, created_at) FROM stdin;
32	11	Diseño y Arquitectura	Diseño de la interfaz y arquitectura del sistema	pending	\N	\N	2025-09-30 00:51:01.941492
33	11	Desarrollo - Fase 1	Desarrollo de funcionalidades principales (50% del proyecto)	pending	\N	\N	2025-09-30 00:51:02.089275
34	11	Desarrollo - Fase 2	Completar desarrollo y optimizaciones (90% del proyecto)	pending	\N	\N	2025-09-30 00:51:02.23877
35	11	Testing y QA	Pruebas exhaustivas y control de calidad	pending	\N	\N	2025-09-30 00:51:02.387987
36	11	Entrega Final	Entrega del proyecto completado y documentación	pending	\N	\N	2025-09-30 00:51:02.537316
31	11	Análisis y Planificación	Análisis de requerimientos y planificación del proyecto	in_progress	\N	\N	2025-09-30 00:51:01.784435
\.


--
-- Data for Name: projects; Type: TABLE DATA; Schema: public; Owner: neondb_owner
--

COPY public.projects (id, name, description, price, status, progress, client_id, partner_id, delivery_date, created_at, updated_at, start_date, currency) FROM stdin;
11	FrigoMgrande	probando	250.00	in_progress	0	2	\N	2025-10-07 00:00:00	2025-09-30 00:48:23.451539	2025-09-30 00:51:58.426	2025-09-30 00:00:00	PYG
\.


--
-- Data for Name: referrals; Type: TABLE DATA; Schema: public; Owner: neondb_owner
--

COPY public.referrals (id, partner_id, client_id, project_id, status, commission_amount, created_at) FROM stdin;
\.


--
-- Data for Name: sessions; Type: TABLE DATA; Schema: public; Owner: neondb_owner
--

COPY public.sessions (sid, sess, expire) FROM stdin;
\.


--
-- Data for Name: ticket_responses; Type: TABLE DATA; Schema: public; Owner: neondb_owner
--

COPY public.ticket_responses (id, ticket_id, user_id, message, is_from_support, created_at) FROM stdin;
\.


--
-- Data for Name: tickets; Type: TABLE DATA; Schema: public; Owner: neondb_owner
--

COPY public.tickets (id, title, description, status, priority, user_id, project_id, created_at, updated_at) FROM stdin;
\.


--
-- Data for Name: transactions; Type: TABLE DATA; Schema: public; Owner: neondb_owner
--

COPY public.transactions (id, invoice_id, payment_method_id, user_id, type, amount, status, description, transaction_id, provider_data, processed_at, created_at) FROM stdin;
\.


--
-- Data for Name: twilio_config; Type: TABLE DATA; Schema: public; Owner: neondb_owner
--

COPY public.twilio_config (id, account_sid, auth_token, from_phone_number, whatsapp_from_number, is_enabled, created_at, updated_at) FROM stdin;
\.


--
-- Data for Name: users; Type: TABLE DATA; Schema: public; Owner: neondb_owner
--

COPY public.users (id, email, password, full_name, role, is_active, created_at, updated_at, whatsapp_number) FROM stdin;
1	softwarepar.lat@gmail.com	$2b$10$FuHFhTc0ctLQqAfTWnUk9e5fbbha/vx2AhragKYn6MRT5R4SM4336	Administrador SoftwarePar	admin	t	2025-08-26 22:32:54.933839	2025-09-29 13:32:43.081496	\N
2	alfagroupstoreok@gmail.com	$2b$10$Y/5bXzIAsvSOFyv1dfGrz.EUqzEWMqDcdpdVgefFjurbGWvGl7rnG	Cliente	client	t	2025-09-29 15:15:32.71422	2025-09-29 15:15:32.71422	\N
3	cliente.prueba@test.com	$2b$10$6nMuk.lGIr1.p4G2wV.giO2yNpOx55rL9wWBeAxKgHbVGBVLbToZ2	Cliente de Prueba	client	t	2025-09-29 17:04:14.806663	2025-09-29 17:04:14.806663	\N
\.


--
-- Data for Name: work_modalities; Type: TABLE DATA; Schema: public; Owner: neondb_owner
--

COPY public.work_modalities (id, title, subtitle, badge_text, badge_variant, description, price_text, price_subtitle, features, button_text, button_variant, is_popular, is_active, display_order, created_at, updated_at, title_es, title_en, title_pt, description_es, description_en, description_pt) FROM stdin;
4	Compra Completa	Tradicional	Tradicional	secondary	Recibe el código fuente completo y propiedad total del proyecto	$2,500 - $15,000	Precio según complejidad	"[\\"Código fuente completo incluido\\",\\"Propiedad intelectual total\\",\\"Documentación técnica completa\\",\\"3 meses de soporte incluido\\",\\"Capacitación del equipo\\",\\"Deployment en tu servidor\\"]"	Solicitar Cotización	default	f	t	1	2025-09-23 12:20:20.459498	2025-09-29 12:34:05.037	Compra Completa	Complete Purchase	Compra Completa	Recibe el código fuente completo y propiedad total del proyecto	Receive complete source code and total project ownership	Receba o código fonte completo e propriedade total do projeto
3	Modelo SaaS	Más Popular	Más Popular	secondary	Accede al software como servicio con pagos mensuales flexibles	$50 - $200	por mes	["Sin inversión inicial alta", "Actualizaciones automáticas", "Soporte técnico incluido", "Escalabilidad garantizada", "Copias de seguridad automáticas", "Acceso 24/7 desde cualquier lugar"]	Comenzar Ahora	default	t	f	2	2025-09-23 12:07:05.836181	2025-09-23 12:15:18.484	Modelo SaaS	SaaS Model	Modelo SaaS	Accede al software como servicio con pagos mensuales flexibles	Access software as a service with flexible monthly payments	Acesse o software como serviço com pagamentos mensais flexíveis
1	Compra Completa	Tradicional	Tradicional	default	Recibe el código fuente completo y propiedad total del proyecto	$2,500 - $15,000	Precio según complejidad	"[\\"Código fuente completo incluido\\",\\"Propiedad intelectual total\\",\\"Documentación técnica completa\\",\\"3 meses de soporte incluido\\",\\"Capacitación del equipo\\",\\"Deployment en tu servidor\\"]"	Solicitar Cotización	default	f	f	1	2025-09-23 12:01:27.883544	2025-09-23 12:19:00.669	Compra Completa	SaaS Model	Modelo SaaS	Recibe el código fuente completo y propiedad total del proyecto	Access software as a service with flexible monthly payments	Acesse o software como serviço com pagamentos mensais flexíveis
2	Partnership	Innovador	Más Popular	default	Paga menos, conviértete en partner y genera ingresos revendendolo	40% - 70%	+ comisiones por ventas	"[\\"Precio reducido inicial\\",\\"Código de referido único\\",\\"20-40% comisión por venta\\",\\"Dashboard de ganancias\\",\\"Sistema de licencias\\",\\"Soporte y marketing incluido\\"]"	Convertirse en Partner	default	t	t	2	2025-09-23 12:01:27.883544	2025-09-23 17:07:39.166	Partnership	Partnership	Parceria	Paga menos, conviértete en partner y genera ingresos revendendolo	Pay less, become a partner and generate income by reselling	Pague menos, torne-se parceiro e gere renda revendendo
5	Partnership	Innovador	Más Popular	default	Paga menos, conviértete en partner y genera ingresos revendendolo	40% - 60%	+ comisiones por ventas	["Precio reducido inicial", "Código de referido único", "20-40% comisión por venta", "Dashboard de ganancias", "Sistema de licencias", "Soporte y marketing incluido"]	Convertirse en Partner	default	t	f	2	2025-09-23 12:20:20.459498	2025-09-23 12:21:44.001	Partnership	SaaS Model	Modelo SaaS	Paga menos, conviértete en partner y genera ingresos revendendolo	Access software as a service with flexible monthly payments	Acesse o software como serviço com pagamentos mensais flexíveis
\.


--
-- Name: __drizzle_migrations_id_seq; Type: SEQUENCE SET; Schema: drizzle; Owner: neondb_owner
--

SELECT pg_catalog.setval('drizzle.__drizzle_migrations_id_seq', 1, false);


--
-- Name: budget_negotiations_id_seq; Type: SEQUENCE SET; Schema: public; Owner: neondb_owner
--

SELECT pg_catalog.setval('public.budget_negotiations_id_seq', 7, true);


--
-- Name: client_billing_info_id_seq; Type: SEQUENCE SET; Schema: public; Owner: neondb_owner
--

SELECT pg_catalog.setval('public.client_billing_info_id_seq', 1, true);


--
-- Name: company_billing_info_id_seq; Type: SEQUENCE SET; Schema: public; Owner: neondb_owner
--

SELECT pg_catalog.setval('public.company_billing_info_id_seq', 3, true);


--
-- Name: invoices_id_seq; Type: SEQUENCE SET; Schema: public; Owner: neondb_owner
--

SELECT pg_catalog.setval('public.invoices_id_seq', 1, false);


--
-- Name: notifications_id_seq; Type: SEQUENCE SET; Schema: public; Owner: neondb_owner
--

SELECT pg_catalog.setval('public.notifications_id_seq', 55, true);


--
-- Name: partners_id_seq; Type: SEQUENCE SET; Schema: public; Owner: neondb_owner
--

SELECT pg_catalog.setval('public.partners_id_seq', 1, false);


--
-- Name: payment_methods_id_seq; Type: SEQUENCE SET; Schema: public; Owner: neondb_owner
--

SELECT pg_catalog.setval('public.payment_methods_id_seq', 1, false);


--
-- Name: payment_stages_id_seq; Type: SEQUENCE SET; Schema: public; Owner: neondb_owner
--

SELECT pg_catalog.setval('public.payment_stages_id_seq', 24, true);


--
-- Name: payments_id_seq; Type: SEQUENCE SET; Schema: public; Owner: neondb_owner
--

SELECT pg_catalog.setval('public.payments_id_seq', 1, false);


--
-- Name: portfolio_id_seq; Type: SEQUENCE SET; Schema: public; Owner: neondb_owner
--

SELECT pg_catalog.setval('public.portfolio_id_seq', 7, true);


--
-- Name: project_files_id_seq; Type: SEQUENCE SET; Schema: public; Owner: neondb_owner
--

SELECT pg_catalog.setval('public.project_files_id_seq', 1, false);


--
-- Name: project_messages_id_seq; Type: SEQUENCE SET; Schema: public; Owner: neondb_owner
--

SELECT pg_catalog.setval('public.project_messages_id_seq', 4, true);


--
-- Name: project_timeline_id_seq; Type: SEQUENCE SET; Schema: public; Owner: neondb_owner
--

SELECT pg_catalog.setval('public.project_timeline_id_seq', 36, true);


--
-- Name: projects_id_seq; Type: SEQUENCE SET; Schema: public; Owner: neondb_owner
--

SELECT pg_catalog.setval('public.projects_id_seq', 11, true);


--
-- Name: referrals_id_seq; Type: SEQUENCE SET; Schema: public; Owner: neondb_owner
--

SELECT pg_catalog.setval('public.referrals_id_seq', 1, false);


--
-- Name: ticket_responses_id_seq; Type: SEQUENCE SET; Schema: public; Owner: neondb_owner
--

SELECT pg_catalog.setval('public.ticket_responses_id_seq', 1, false);


--
-- Name: tickets_id_seq; Type: SEQUENCE SET; Schema: public; Owner: neondb_owner
--

SELECT pg_catalog.setval('public.tickets_id_seq', 2, true);


--
-- Name: transactions_id_seq; Type: SEQUENCE SET; Schema: public; Owner: neondb_owner
--

SELECT pg_catalog.setval('public.transactions_id_seq', 1, false);


--
-- Name: twilio_config_id_seq; Type: SEQUENCE SET; Schema: public; Owner: neondb_owner
--

SELECT pg_catalog.setval('public.twilio_config_id_seq', 1, false);


--
-- Name: users_id_seq; Type: SEQUENCE SET; Schema: public; Owner: neondb_owner
--

SELECT pg_catalog.setval('public.users_id_seq', 3, true);


--
-- Name: work_modalities_id_seq; Type: SEQUENCE SET; Schema: public; Owner: neondb_owner
--

SELECT pg_catalog.setval('public.work_modalities_id_seq', 5, true);


--
-- Name: __drizzle_migrations __drizzle_migrations_pkey; Type: CONSTRAINT; Schema: drizzle; Owner: neondb_owner
--

ALTER TABLE ONLY drizzle.__drizzle_migrations
    ADD CONSTRAINT __drizzle_migrations_pkey PRIMARY KEY (id);


--
-- Name: budget_negotiations budget_negotiations_pkey; Type: CONSTRAINT; Schema: public; Owner: neondb_owner
--

ALTER TABLE ONLY public.budget_negotiations
    ADD CONSTRAINT budget_negotiations_pkey PRIMARY KEY (id);


--
-- Name: client_billing_info client_billing_info_pkey; Type: CONSTRAINT; Schema: public; Owner: neondb_owner
--

ALTER TABLE ONLY public.client_billing_info
    ADD CONSTRAINT client_billing_info_pkey PRIMARY KEY (id);


--
-- Name: client_billing_info client_billing_info_user_id_is_default_key; Type: CONSTRAINT; Schema: public; Owner: neondb_owner
--

ALTER TABLE ONLY public.client_billing_info
    ADD CONSTRAINT client_billing_info_user_id_is_default_key UNIQUE (user_id, is_default);


--
-- Name: company_billing_info company_billing_info_pkey; Type: CONSTRAINT; Schema: public; Owner: neondb_owner
--

ALTER TABLE ONLY public.company_billing_info
    ADD CONSTRAINT company_billing_info_pkey PRIMARY KEY (id);


--
-- Name: invoices invoices_invoice_number_unique; Type: CONSTRAINT; Schema: public; Owner: neondb_owner
--

ALTER TABLE ONLY public.invoices
    ADD CONSTRAINT invoices_invoice_number_unique UNIQUE (invoice_number);


--
-- Name: invoices invoices_pkey; Type: CONSTRAINT; Schema: public; Owner: neondb_owner
--

ALTER TABLE ONLY public.invoices
    ADD CONSTRAINT invoices_pkey PRIMARY KEY (id);


--
-- Name: notifications notifications_pkey; Type: CONSTRAINT; Schema: public; Owner: neondb_owner
--

ALTER TABLE ONLY public.notifications
    ADD CONSTRAINT notifications_pkey PRIMARY KEY (id);


--
-- Name: partners partners_pkey; Type: CONSTRAINT; Schema: public; Owner: neondb_owner
--

ALTER TABLE ONLY public.partners
    ADD CONSTRAINT partners_pkey PRIMARY KEY (id);


--
-- Name: partners partners_referral_code_unique; Type: CONSTRAINT; Schema: public; Owner: neondb_owner
--

ALTER TABLE ONLY public.partners
    ADD CONSTRAINT partners_referral_code_unique UNIQUE (referral_code);


--
-- Name: payment_methods payment_methods_pkey; Type: CONSTRAINT; Schema: public; Owner: neondb_owner
--

ALTER TABLE ONLY public.payment_methods
    ADD CONSTRAINT payment_methods_pkey PRIMARY KEY (id);


--
-- Name: payment_stages payment_stages_pkey; Type: CONSTRAINT; Schema: public; Owner: neondb_owner
--

ALTER TABLE ONLY public.payment_stages
    ADD CONSTRAINT payment_stages_pkey PRIMARY KEY (id);


--
-- Name: payments payments_pkey; Type: CONSTRAINT; Schema: public; Owner: neondb_owner
--

ALTER TABLE ONLY public.payments
    ADD CONSTRAINT payments_pkey PRIMARY KEY (id);


--
-- Name: portfolio portfolio_pkey; Type: CONSTRAINT; Schema: public; Owner: neondb_owner
--

ALTER TABLE ONLY public.portfolio
    ADD CONSTRAINT portfolio_pkey PRIMARY KEY (id);


--
-- Name: project_files project_files_pkey; Type: CONSTRAINT; Schema: public; Owner: neondb_owner
--

ALTER TABLE ONLY public.project_files
    ADD CONSTRAINT project_files_pkey PRIMARY KEY (id);


--
-- Name: project_messages project_messages_pkey; Type: CONSTRAINT; Schema: public; Owner: neondb_owner
--

ALTER TABLE ONLY public.project_messages
    ADD CONSTRAINT project_messages_pkey PRIMARY KEY (id);


--
-- Name: project_timeline project_timeline_pkey; Type: CONSTRAINT; Schema: public; Owner: neondb_owner
--

ALTER TABLE ONLY public.project_timeline
    ADD CONSTRAINT project_timeline_pkey PRIMARY KEY (id);


--
-- Name: projects projects_pkey; Type: CONSTRAINT; Schema: public; Owner: neondb_owner
--

ALTER TABLE ONLY public.projects
    ADD CONSTRAINT projects_pkey PRIMARY KEY (id);


--
-- Name: referrals referrals_pkey; Type: CONSTRAINT; Schema: public; Owner: neondb_owner
--

ALTER TABLE ONLY public.referrals
    ADD CONSTRAINT referrals_pkey PRIMARY KEY (id);


--
-- Name: sessions sessions_pkey; Type: CONSTRAINT; Schema: public; Owner: neondb_owner
--

ALTER TABLE ONLY public.sessions
    ADD CONSTRAINT sessions_pkey PRIMARY KEY (sid);


--
-- Name: ticket_responses ticket_responses_pkey; Type: CONSTRAINT; Schema: public; Owner: neondb_owner
--

ALTER TABLE ONLY public.ticket_responses
    ADD CONSTRAINT ticket_responses_pkey PRIMARY KEY (id);


--
-- Name: tickets tickets_pkey; Type: CONSTRAINT; Schema: public; Owner: neondb_owner
--

ALTER TABLE ONLY public.tickets
    ADD CONSTRAINT tickets_pkey PRIMARY KEY (id);


--
-- Name: transactions transactions_pkey; Type: CONSTRAINT; Schema: public; Owner: neondb_owner
--

ALTER TABLE ONLY public.transactions
    ADD CONSTRAINT transactions_pkey PRIMARY KEY (id);


--
-- Name: twilio_config twilio_config_pkey; Type: CONSTRAINT; Schema: public; Owner: neondb_owner
--

ALTER TABLE ONLY public.twilio_config
    ADD CONSTRAINT twilio_config_pkey PRIMARY KEY (id);


--
-- Name: users users_email_unique; Type: CONSTRAINT; Schema: public; Owner: neondb_owner
--

ALTER TABLE ONLY public.users
    ADD CONSTRAINT users_email_unique UNIQUE (email);


--
-- Name: users users_pkey; Type: CONSTRAINT; Schema: public; Owner: neondb_owner
--

ALTER TABLE ONLY public.users
    ADD CONSTRAINT users_pkey PRIMARY KEY (id);


--
-- Name: work_modalities work_modalities_pkey; Type: CONSTRAINT; Schema: public; Owner: neondb_owner
--

ALTER TABLE ONLY public.work_modalities
    ADD CONSTRAINT work_modalities_pkey PRIMARY KEY (id);


--
-- Name: IDX_session_expire; Type: INDEX; Schema: public; Owner: neondb_owner
--

CREATE INDEX "IDX_session_expire" ON public.sessions USING btree (expire);


--
-- Name: idx_client_billing_client_type; Type: INDEX; Schema: public; Owner: neondb_owner
--

CREATE INDEX idx_client_billing_client_type ON public.client_billing_info USING btree (client_type);


--
-- Name: idx_client_billing_department; Type: INDEX; Schema: public; Owner: neondb_owner
--

CREATE INDEX idx_client_billing_department ON public.client_billing_info USING btree (department);


--
-- Name: idx_client_billing_email; Type: INDEX; Schema: public; Owner: neondb_owner
--

CREATE INDEX idx_client_billing_email ON public.client_billing_info USING btree (email);


--
-- Name: idx_client_billing_user_id; Type: INDEX; Schema: public; Owner: neondb_owner
--

CREATE INDEX idx_client_billing_user_id ON public.client_billing_info USING btree (user_id);


--
-- Name: idx_company_billing_active; Type: INDEX; Schema: public; Owner: neondb_owner
--

CREATE INDEX idx_company_billing_active ON public.company_billing_info USING btree (is_active);


--
-- Name: budget_negotiations budget_negotiations_project_id_projects_id_fk; Type: FK CONSTRAINT; Schema: public; Owner: neondb_owner
--

ALTER TABLE ONLY public.budget_negotiations
    ADD CONSTRAINT budget_negotiations_project_id_projects_id_fk FOREIGN KEY (project_id) REFERENCES public.projects(id);


--
-- Name: budget_negotiations budget_negotiations_proposed_by_users_id_fk; Type: FK CONSTRAINT; Schema: public; Owner: neondb_owner
--

ALTER TABLE ONLY public.budget_negotiations
    ADD CONSTRAINT budget_negotiations_proposed_by_users_id_fk FOREIGN KEY (proposed_by) REFERENCES public.users(id);


--
-- Name: client_billing_info client_billing_info_user_id_fkey; Type: FK CONSTRAINT; Schema: public; Owner: neondb_owner
--

ALTER TABLE ONLY public.client_billing_info
    ADD CONSTRAINT client_billing_info_user_id_fkey FOREIGN KEY (user_id) REFERENCES public.users(id) ON DELETE CASCADE;


--
-- Name: invoices invoices_client_id_users_id_fk; Type: FK CONSTRAINT; Schema: public; Owner: neondb_owner
--

ALTER TABLE ONLY public.invoices
    ADD CONSTRAINT invoices_client_id_users_id_fk FOREIGN KEY (client_id) REFERENCES public.users(id);


--
-- Name: invoices invoices_payment_method_id_payment_methods_id_fk; Type: FK CONSTRAINT; Schema: public; Owner: neondb_owner
--

ALTER TABLE ONLY public.invoices
    ADD CONSTRAINT invoices_payment_method_id_payment_methods_id_fk FOREIGN KEY (payment_method_id) REFERENCES public.payment_methods(id);


--
-- Name: invoices invoices_project_id_projects_id_fk; Type: FK CONSTRAINT; Schema: public; Owner: neondb_owner
--

ALTER TABLE ONLY public.invoices
    ADD CONSTRAINT invoices_project_id_projects_id_fk FOREIGN KEY (project_id) REFERENCES public.projects(id);


--
-- Name: notifications notifications_user_id_users_id_fk; Type: FK CONSTRAINT; Schema: public; Owner: neondb_owner
--

ALTER TABLE ONLY public.notifications
    ADD CONSTRAINT notifications_user_id_users_id_fk FOREIGN KEY (user_id) REFERENCES public.users(id);


--
-- Name: partners partners_user_id_users_id_fk; Type: FK CONSTRAINT; Schema: public; Owner: neondb_owner
--

ALTER TABLE ONLY public.partners
    ADD CONSTRAINT partners_user_id_users_id_fk FOREIGN KEY (user_id) REFERENCES public.users(id);


--
-- Name: payment_methods payment_methods_user_id_users_id_fk; Type: FK CONSTRAINT; Schema: public; Owner: neondb_owner
--

ALTER TABLE ONLY public.payment_methods
    ADD CONSTRAINT payment_methods_user_id_users_id_fk FOREIGN KEY (user_id) REFERENCES public.users(id);


--
-- Name: payment_stages payment_stages_project_id_projects_id_fk; Type: FK CONSTRAINT; Schema: public; Owner: neondb_owner
--

ALTER TABLE ONLY public.payment_stages
    ADD CONSTRAINT payment_stages_project_id_projects_id_fk FOREIGN KEY (project_id) REFERENCES public.projects(id);


--
-- Name: payments payments_project_id_projects_id_fk; Type: FK CONSTRAINT; Schema: public; Owner: neondb_owner
--

ALTER TABLE ONLY public.payments
    ADD CONSTRAINT payments_project_id_projects_id_fk FOREIGN KEY (project_id) REFERENCES public.projects(id);


--
-- Name: project_files project_files_project_id_projects_id_fk; Type: FK CONSTRAINT; Schema: public; Owner: neondb_owner
--

ALTER TABLE ONLY public.project_files
    ADD CONSTRAINT project_files_project_id_projects_id_fk FOREIGN KEY (project_id) REFERENCES public.projects(id);


--
-- Name: project_files project_files_uploaded_by_users_id_fk; Type: FK CONSTRAINT; Schema: public; Owner: neondb_owner
--

ALTER TABLE ONLY public.project_files
    ADD CONSTRAINT project_files_uploaded_by_users_id_fk FOREIGN KEY (uploaded_by) REFERENCES public.users(id);


--
-- Name: project_messages project_messages_project_id_projects_id_fk; Type: FK CONSTRAINT; Schema: public; Owner: neondb_owner
--

ALTER TABLE ONLY public.project_messages
    ADD CONSTRAINT project_messages_project_id_projects_id_fk FOREIGN KEY (project_id) REFERENCES public.projects(id);


--
-- Name: project_messages project_messages_user_id_users_id_fk; Type: FK CONSTRAINT; Schema: public; Owner: neondb_owner
--

ALTER TABLE ONLY public.project_messages
    ADD CONSTRAINT project_messages_user_id_users_id_fk FOREIGN KEY (user_id) REFERENCES public.users(id);


--
-- Name: project_timeline project_timeline_project_id_projects_id_fk; Type: FK CONSTRAINT; Schema: public; Owner: neondb_owner
--

ALTER TABLE ONLY public.project_timeline
    ADD CONSTRAINT project_timeline_project_id_projects_id_fk FOREIGN KEY (project_id) REFERENCES public.projects(id);


--
-- Name: projects projects_client_id_users_id_fk; Type: FK CONSTRAINT; Schema: public; Owner: neondb_owner
--

ALTER TABLE ONLY public.projects
    ADD CONSTRAINT projects_client_id_users_id_fk FOREIGN KEY (client_id) REFERENCES public.users(id);


--
-- Name: projects projects_partner_id_partners_id_fk; Type: FK CONSTRAINT; Schema: public; Owner: neondb_owner
--

ALTER TABLE ONLY public.projects
    ADD CONSTRAINT projects_partner_id_partners_id_fk FOREIGN KEY (partner_id) REFERENCES public.partners(id);


--
-- Name: referrals referrals_client_id_users_id_fk; Type: FK CONSTRAINT; Schema: public; Owner: neondb_owner
--

ALTER TABLE ONLY public.referrals
    ADD CONSTRAINT referrals_client_id_users_id_fk FOREIGN KEY (client_id) REFERENCES public.users(id);


--
-- Name: referrals referrals_partner_id_partners_id_fk; Type: FK CONSTRAINT; Schema: public; Owner: neondb_owner
--

ALTER TABLE ONLY public.referrals
    ADD CONSTRAINT referrals_partner_id_partners_id_fk FOREIGN KEY (partner_id) REFERENCES public.partners(id);


--
-- Name: referrals referrals_project_id_projects_id_fk; Type: FK CONSTRAINT; Schema: public; Owner: neondb_owner
--

ALTER TABLE ONLY public.referrals
    ADD CONSTRAINT referrals_project_id_projects_id_fk FOREIGN KEY (project_id) REFERENCES public.projects(id);


--
-- Name: ticket_responses ticket_responses_ticket_id_tickets_id_fk; Type: FK CONSTRAINT; Schema: public; Owner: neondb_owner
--

ALTER TABLE ONLY public.ticket_responses
    ADD CONSTRAINT ticket_responses_ticket_id_tickets_id_fk FOREIGN KEY (ticket_id) REFERENCES public.tickets(id);


--
-- Name: ticket_responses ticket_responses_user_id_users_id_fk; Type: FK CONSTRAINT; Schema: public; Owner: neondb_owner
--

ALTER TABLE ONLY public.ticket_responses
    ADD CONSTRAINT ticket_responses_user_id_users_id_fk FOREIGN KEY (user_id) REFERENCES public.users(id);


--
-- Name: tickets tickets_project_id_projects_id_fk; Type: FK CONSTRAINT; Schema: public; Owner: neondb_owner
--

ALTER TABLE ONLY public.tickets
    ADD CONSTRAINT tickets_project_id_projects_id_fk FOREIGN KEY (project_id) REFERENCES public.projects(id);


--
-- Name: tickets tickets_user_id_users_id_fk; Type: FK CONSTRAINT; Schema: public; Owner: neondb_owner
--

ALTER TABLE ONLY public.tickets
    ADD CONSTRAINT tickets_user_id_users_id_fk FOREIGN KEY (user_id) REFERENCES public.users(id);


--
-- Name: transactions transactions_invoice_id_invoices_id_fk; Type: FK CONSTRAINT; Schema: public; Owner: neondb_owner
--

ALTER TABLE ONLY public.transactions
    ADD CONSTRAINT transactions_invoice_id_invoices_id_fk FOREIGN KEY (invoice_id) REFERENCES public.invoices(id);


--
-- Name: transactions transactions_payment_method_id_payment_methods_id_fk; Type: FK CONSTRAINT; Schema: public; Owner: neondb_owner
--

ALTER TABLE ONLY public.transactions
    ADD CONSTRAINT transactions_payment_method_id_payment_methods_id_fk FOREIGN KEY (payment_method_id) REFERENCES public.payment_methods(id);


--
-- Name: transactions transactions_user_id_users_id_fk; Type: FK CONSTRAINT; Schema: public; Owner: neondb_owner
--

ALTER TABLE ONLY public.transactions
    ADD CONSTRAINT transactions_user_id_users_id_fk FOREIGN KEY (user_id) REFERENCES public.users(id);


--
-- Name: DEFAULT PRIVILEGES FOR SEQUENCES; Type: DEFAULT ACL; Schema: public; Owner: cloud_admin
--

ALTER DEFAULT PRIVILEGES FOR ROLE cloud_admin IN SCHEMA public GRANT ALL ON SEQUENCES TO neon_superuser WITH GRANT OPTION;


--
-- Name: DEFAULT PRIVILEGES FOR TABLES; Type: DEFAULT ACL; Schema: public; Owner: cloud_admin
--

ALTER DEFAULT PRIVILEGES FOR ROLE cloud_admin IN SCHEMA public GRANT ALL ON TABLES TO neon_superuser WITH GRANT OPTION;


--
-- PostgreSQL database dump complete
--

\unrestrict pTEM2v3bEurqknD2GW0BV6OPe31X63d0rro4qy0je4X6tTgO6KrpuYRVLjv6uwC

